<?xml version="1.0" encoding="UTF-8"?><idempiere Name="2Pack_1.0.1" Version="1.0.1" idempiereVersion="" DataBaseVersion="" Description="" Author="" AuthorEmail="" CreatedDate="2020-07-21 16:23:34.163" UpdatedDate="2020-07-21 16:23:34.163" PackOutVersion="100" UpdateDictionary="false" Client="0-SYSTEM-System" AD_Client_UU="11237b53-9592-4af1-b3c5-afd216514b5d">
    <AD_EntityType type="table">
        <AD_Client_ID>0</AD_Client_ID>
        <AD_Org_ID>0</AD_Org_ID>
        <EntityType>ING</EntityType>
        <IsActive>Y</IsActive>
        <Name>INGEINT</Name>
        <Description>INFORMACION GERENCIAL INTEGRAL INGEINT SA</Description>
        <Help>www.ingeint.com - Orlando Curieles / orlando.curieles@ingeint.com</Help>
        <Version>1.0</Version>
        <ModelPackage>com.ingeint.model</ModelPackage>
        <Classpath/>
        <Processing>N</Processing>
        <AD_EntityType_UU>ae08115c-d2a4-476f-aed2-157e8f4c7c91</AD_EntityType_UU>
    </AD_EntityType>
    <AD_Form type="table">
        <AD_Client_ID>0</AD_Client_ID>
        <AD_Org_ID>0</AD_Org_ID>
        <IsActive>Y</IsActive>
        <Name>WInputProductsPO</Name>
        <Description/>
        <Help/>
        <Classname>com.ingeint.forms.WQuickInputPO</Classname>
        <AccessLevel>3</AccessLevel>
        <EntityType>ING</EntityType>
        <IsBetaFunctionality>N</IsBetaFunctionality>
        <JSPURL/>
        <AD_Form_UU>9e6dd119-e24d-48bd-b3ff-dcbc9e33cd4e</AD_Form_UU>
        <AD_CtxHelp_ID reference="id"/>
        <AD_Form_Trl type="translation">
            <Description/>
            <Help/>
            <Name>Insertar Lineas Orden</Name>
            <AD_Language>es_CO</AD_Language>
            <IsActive>Y</IsActive>
            <IsTranslated>Y</IsTranslated>
        </AD_Form_Trl>
    </AD_Form>
    <AD_Form type="table">
        <AD_Client_ID>0</AD_Client_ID>
        <AD_Org_ID>0</AD_Org_ID>
        <IsActive>Y</IsActive>
        <Name>WInputProducts</Name>
        <Description/>
        <Help/>
        <Classname>com.ingeint.forms.WQuickInputProducts</Classname>
        <AccessLevel>3</AccessLevel>
        <EntityType>U</EntityType>
        <IsBetaFunctionality>N</IsBetaFunctionality>
        <JSPURL/>
        <AD_Form_UU>7fec5887-875a-4cc9-8d9c-7cee2221605e</AD_Form_UU>
        <AD_CtxHelp_ID reference="id"/>
        <AD_Form_Trl type="translation">
            <Description/>
            <Help/>
            <Name>Insertar Lineas</Name>
            <AD_Language>es_CO</AD_Language>
            <IsActive>Y</IsActive>
            <IsTranslated>N</IsTranslated>
        </AD_Form_Trl>
    </AD_Form>
    <AD_Process type="table">
        <AD_Client_ID>0</AD_Client_ID>
        <AD_Org_ID>0</AD_Org_ID>
        <IsActive>Y</IsActive>
        <Name>WinPutProductOrder</Name>
        <Description/>
        <Help/>
        <ProcedureName/>
        <IsReport>N</IsReport>
        <Value>WinPutProductOrder</Value>
        <IsDirectPrint>N</IsDirectPrint>
        <AD_ReportView_ID reference="id"/>
        <Classname/>
        <AccessLevel>3</AccessLevel>
        <EntityType>ING</EntityType>
        <Statistic_Count>0</Statistic_Count>
        <Statistic_Seconds>0</Statistic_Seconds>
        <AD_PrintFormat_ID reference="id"/>
        <WorkflowValue/>
        <AD_Workflow_ID reference="id"/>
        <IsBetaFunctionality>N</IsBetaFunctionality>
        <IsServerProcess>N</IsServerProcess>
        <ShowHelp>Y</ShowHelp>
        <JasperReport/>
        <AD_Form_ID reference="uuid" reference-key="AD_Form">9e6dd119-e24d-48bd-b3ff-dcbc9e33cd4e</AD_Form_ID>
        <CopyFromProcess>N</CopyFromProcess>
        <AD_Process_UU>1c80e96f-6d1f-4902-b697-1515b633d218</AD_Process_UU>
        <AD_CtxHelp_ID reference="id"/>
        <ExecutionType/>
        <AllowMultipleExecution>P</AllowMultipleExecution>
        <AD_Process_Trl type="translation">
            <Description/>
            <Help/>
            <Name>Ingresar Lineas PO</Name>
            <AD_Language>es_CO</AD_Language>
            <IsActive>Y</IsActive>
            <IsTranslated>Y</IsTranslated>
        </AD_Process_Trl>
    </AD_Process>
    <AD_Process type="table">
        <AD_Client_ID>0</AD_Client_ID>
        <AD_Org_ID>0</AD_Org_ID>
        <IsActive>Y</IsActive>
        <Name>WInputProducts</Name>
        <Description/>
        <Help/>
        <ProcedureName/>
        <IsReport>N</IsReport>
        <Value>WInputProducts</Value>
        <IsDirectPrint>N</IsDirectPrint>
        <AD_ReportView_ID reference="id"/>
        <Classname/>
        <AccessLevel>3</AccessLevel>
        <EntityType>U</EntityType>
        <Statistic_Count>0</Statistic_Count>
        <Statistic_Seconds>0</Statistic_Seconds>
        <AD_PrintFormat_ID reference="id"/>
        <WorkflowValue/>
        <AD_Workflow_ID reference="id"/>
        <IsBetaFunctionality>N</IsBetaFunctionality>
        <IsServerProcess>N</IsServerProcess>
        <ShowHelp>Y</ShowHelp>
        <JasperReport/>
        <AD_Form_ID reference="uuid" reference-key="AD_Form">7fec5887-875a-4cc9-8d9c-7cee2221605e</AD_Form_ID>
        <CopyFromProcess>N</CopyFromProcess>
        <AD_Process_UU>946abbaa-cb03-428e-974d-60f030a7cb3c</AD_Process_UU>
        <AD_CtxHelp_ID reference="id"/>
        <ExecutionType/>
        <AllowMultipleExecution>P</AllowMultipleExecution>
        <AD_Process_Trl type="translation">
            <Description/>
            <Help/>
            <Name>Insertar Lineas</Name>
            <AD_Language>es_CO</AD_Language>
            <IsActive>Y</IsActive>
            <IsTranslated>N</IsTranslated>
        </AD_Process_Trl>
    </AD_Process>
        <AD_ToolBarButton type="table">
        <AD_Client_ID>0</AD_Client_ID>
        <AD_Org_ID>0</AD_Org_ID>
        <ComponentName>InventoryMove</ComponentName>
        <IsActive>Y</IsActive>
        <Name>InventoryMove</Name>
        <IsCustomization>N</IsCustomization>
        <ActionClassName/>
        <ActionName/>
        <KeyStroke_KeyCode/>
        <KeyStroke_Modifiers/>
        <AD_ToolBarButton_UU>2ac06945-814a-4604-8cf6-450ed6f87db9</AD_ToolBarButton_UU>
        <Action>W</Action>
        <AD_Tab_ID reference="id">259</AD_Tab_ID>
        <AD_Process_ID reference="uuid" reference-key="AD_Process">946abbaa-cb03-428e-974d-60f030a7cb3c</AD_Process_ID>
        <DisplayLogic/>
        <SeqNo>10</SeqNo>
        <IsAdvancedButton>N</IsAdvancedButton>
        <IsAddSeparator>N</IsAddSeparator>
        <EntityType>ING</EntityType>
        <IsShowMore>N</IsShowMore>
    </AD_ToolBarButton>
     <AD_ToolBarButton type="table">
        <AD_Client_ID>0</AD_Client_ID>
        <AD_Org_ID>0</AD_Org_ID>
        <ComponentName>ImputLines</ComponentName>
        <IsActive>Y</IsActive>
        <Name>ImputLines</Name>
        <IsCustomization>N</IsCustomization>
        <ActionClassName/>
        <ActionName/>
        <KeyStroke_KeyCode/>
        <KeyStroke_Modifiers/>
        <AD_ToolBarButton_UU>1e632765-6db3-4d46-a5f7-b5270f2190c5</AD_ToolBarButton_UU>
        <Action>W</Action>
        <AD_Tab_ID reference="id">294</AD_Tab_ID>
        <AD_Process_ID reference="uuid" reference-key="AD_Process">1c80e96f-6d1f-4902-b697-1515b633d218</AD_Process_ID>
        <DisplayLogic/>
        <SeqNo>10</SeqNo>
        <IsAdvancedButton>N</IsAdvancedButton>
        <IsAddSeparator>N</IsAddSeparator>
        <EntityType>ING</EntityType>
        <IsShowMore>N</IsShowMore>
    </AD_ToolBarButton>
</idempiere>
